Cd Cliente;Nome;Pais;Regiao;Cidade;Endereco;Email
100;Quisque Corporation;Korea, North;AB;Stockholm;148-159 Mattis Rd.;Suspendisse.dui@nequeSedeget.org
101;Vestibulum Foundation;Czech Republic;Vienna;Vienna;Ap #188-4398 Amet, Ave;non.bibendum.sed@nuncQuisque.com
102;Suspendisse Non Leo LLP;Gabon;AB;Lidingo;615 Congue Av.;mollis@Curabiturvellectus.co.uk
103;Ornare Fusce Consulting;French Polynesia;Queensland;Logan City;8291 Id, Av.;lectus.sit.amet@eget.org
104;Lobortis Associates;Taiwan;Gro;Acapulco;3397 Facilisis Street;varius.ultrices.mauris@adipiscing.com
105;Sed Dolor Incorporated;Slovakia;Goiás;Valparaíso de Goiás;Ap #562-3715 Massa St.;elit@semmagna.com
106;Lectus Consulting;United States;Vienna;Vienna;Ap #203-8986 Malesuada St.;non@iaculis.com
107;Augue Eu Inc.;Uzbekistan;LU;Poulseur;4279 Purus Av.;vestibulum.lorem.sit@sed.org
108;Diam Industries;Jordan;Zl;Flushing;148-7542 Placerat Av.;elit@nullaInteger.org
109;Id Blandit Associates;French Polynesia;Waals-Brabant;Dongelberg;7060 Mauris Street;blandit@laoreet.co.uk
110;Ut Tincidunt Ltd;Gibraltar;SI;Motueka;P.O. Box 382, 353 Lobortis St.;vestibulum.massa.rutrum@per.co.uk
111;Auctor Quis Industries;Netherlands;North Island;Kapiti;Ap #768-2937 Mauris Rd.;Nullam@mollisDuissit.org
112;Velit PC;Slovenia;AB;Upplands Väsby;P.O. Box 338, 3120 At Rd.;Pellentesque.ut.ipsum@Uttincidunt.ca
113;Duis Elementum Dui LLC;Oman;Rio Grande do Sul;Gravataí;P.O. Box 198, 3147 Suspendisse Ave;Curabitur.vel.lectus@nec.net
114;Libero At Auctor Corp.;Argentina;SA;Victor Harbor;1000 Venenatis Av.;consectetuer.adipiscing.elit@gravida.edu
115;Neque Tellus Associates;Madagascar;MB;Flin Flon;Ap #178-1225 Facilisis Ave;lorem@laciniaatiaculis.net
116;Magna Sed Ltd;Gabon;TYU;Tyumen;P.O. Box 104, 4035 Molestie Avenue;ultrices.posuere.cubilia@primisinfaucibus.ca
117;At Institute;United Arab Emirates;Radnorshire;Presteigne;P.O. Box 439, 2962 Leo. Road;nibh.Phasellus.nulla@elitafeugiat.com
118;Vehicula Corporation;Latvia;CL;Alloa;P.O. Box 250, 6234 Ligula. Rd.;diam@Pellentesque.ca
119;Donec Foundation;Congo, the Democratic Republic of the;North Island;Palmerston North;Ap #692-7632 Nonummy. Street;lorem.semper@eu.com
120;In Sodales PC;Bahamas;Nordrhein-Westphalen;Hagen;570-8383 Dis Street;non@variuset.co.uk
121;Diam Pellentesque Habitant Institute;Brazil;TX;Austin;P.O. Box 873, 5663 Auctor Road;eu.ultrices@ullamcorper.org
122;Metus Sit Amet Industries;Iran;Stirlingshire;Kilsyth;Ap #736-1078 Consectetuer, Ave;sed.tortor.Integer@facilisisnon.ca
123;Vitae Ltd;Brunei;BOL;Cartagena;315-5364 Aliquet Street;Curabitur@erat.net
124;Sit Amet Consectetuer PC;Brunei;BU;Sint-Joost-ten-Node;P.O. Box 581, 1202 Euismod Street;diam.eu.dolor@purus.org
125;Augue Corporation;Honduras;X;Palena;2249 Eu St.;massa@Aenean.edu
126;Metus Urna Ltd;Netherlands;U.;Amersfoort;729 Aliquam Av.;sit.amet.massa@ultriciesdignissim.edu
127;Amet Ltd;Lesotho;West Kalimantan;Pontianak;Ap #740-982 Lorem Street;in@risusDonecnibh.org
128;Etiam Bibendum Incorporated;Saint Lucia;Tamil Nadu;Valparai;344-8107 Feugiat St.;dictum.eu@tinciduntpedeac.com
129;Vel Lectus Cum PC;Monaco;Biobío;Santa Bárbara;P.O. Box 684, 6882 Natoque Street;Vivamus.euismod@accumsan.ca
130;Eu Nulla Associates;Peru;BC;Surrey;2754 Libero St.;nec.urna@tortor.edu
131;Nisi Aenean Eget Incorporated;South Georgia and The South Sandwich Islands;West Bengal;Barasat;Ap #273-3585 In Rd.;tellus.Suspendisse.sed@et.net
132;Curabitur Dictum Company;Greece;Nuevo León;Ciudad Apodaca;Ap #899-4514 Nibh Road;sit.amet.consectetuer@Phasellus.com
133;Malesuada Malesuada Corp.;United Arab Emirates;Balochistan;Kohlu;P.O. Box 670, 9292 Odio Av.;vulputate.dui@mattisInteger.edu
134;Erat Vivamus Foundation;Tokelau;A;Alajuela;596-203 Egestas St.;lectus.rutrum@justo.ca
135;Elit Sed Corporation;Macedonia;Newfoundland and Labrador;Carbonear;913-5312 At Av.;Donec@Mauris.net
136;A Mi LLP;Zimbabwe;JUN;Huancayo;925-2098 Nibh. Avenue;aliquet@dolorQuisquetincidunt.org
137;Nunc Sed PC;Bonaire, Sint Eustatius and Saba;PU;Mianwali;Ap #499-1917 Proin Rd.;ultricies@ad.edu
138;Malesuada Inc.;Tonga;NVS;Novosibirsk;P.O. Box 693, 8600 Ac Street;Proin@nasceturridiculusmus.net
139;Condimentum Donec At Corp.;United Kingdom (Great Britain);ON;Etobicoke;261-883 Bibendum Street;Integer.vitae.nibh@loremlorem.org
140;Lobortis Associates;Indonesia;JB;Tasikmalaya;Ap #453-6841 Quam. Ave;ante.blandit.viverra@cursusIntegermollis.edu
141;Proin Vel Arcu Limited;Madagascar;Wie;Vienna;Ap #813-3298 Sit Road;Suspendisse.non.leo@nonvestibulum.co.uk
142;Augue Inc.;Venezuela;Bretagne;Rennes;659-4740 Sociosqu Road;risus.Nunc@tortor.co.uk
143;Magna Tellus Corp.;Viet Nam;Dolnośląskie;Wrocław;P.O. Box 376, 6562 Dui, Street;laoreet.ipsum@Maecenas.edu
144;Cursus Inc.;Syria;Dalarnas län;Falun;Ap #797-7307 Accumsan Ave;mattis@Donec.co.uk
145;A Corp.;Gabon;Colorado;Aurora;P.O. Box 886, 6537 Aliquam Av.;mi@posuere.org
146;Et Magnis Associates;Peru;NI;Bida;P.O. Box 127, 3306 Magna. Ave;dui.augue@gravidanuncsed.org
147;Ut Sagittis Limited;Oman;Ulster;Belfast;Ap #501-3821 Quisque Ave;ornare@Crasvehiculaaliquet.net
148;Vel Convallis Consulting;Togo;PU;Jacobabad;Ap #634-7557 Curabitur Road;eu.dolor@Cumsociis.org
149;Aliquam Associates;Chad;AP;Vishakhapatnam;P.O. Box 612, 9843 Commodo St.;quis.urna@aliquetmetusurna.org
150;Sodales Mauris Blandit Company;Kuwait;Gyeonggi;Ansan;540 Nunc Rd.;lacus.Mauris.non@ridiculusmus.ca
151;Et Tristique Pellentesque LLP;Mali;Vienna;Vienna;P.O. Box 393, 697 At, Rd.;Vivamus.sit@metuseuerat.ca
152;Euismod Ac Fermentum Inc.;Guam;ANC;Huaraz;437-8234 In, Rd.;tortor.Nunc.commodo@eget.com
153;Non Industries;American Samoa;MO;Elgin;521-3330 Convallis Street;nulla.In@estvitaesodales.ca
154;Porttitor Interdum LLC;Tuvalu;BAS;Episcopia;3609 Cursus Street;nonummy@at.net
155;Hendrerit Limited;Lesotho;VIC;Mildura;5527 Egestas. Rd.;interdum@placerat.edu
156;Tempus Eu PC;Monaco;DO;Shaftesbury;772-3955 Elementum, Rd.;Vestibulum@cubiliaCurae.co.uk
157;Aliquet Limited;Eritrea;Sucre;Corozal;327 Netus St.;augue@fermentumvel.net
158;Lorem Luctus Ut Foundation;Kyrgyzstan;AB;Vallentuna;P.O. Box 963, 6433 Risus. Ave;et.arcu@ligula.ca
159;Ultrices Duis Volutpat Ltd;Gabon;RM;Cerro Navia;5543 Ut Ave;sagittis@atiaculis.co.uk
160;Elit A Incorporated;Niger;AS;Nagaon;Ap #187-1179 Pharetra Street;sapien.Cras.dolor@Phasellusvitaemauris.ca
161;Orci Lobortis Augue Consulting;Cameroon;Victoria;Dandenong;3571 Eu, St.;et@dolornonummy.edu
162;Ut Odio LLC;Uruguay;NI;Palmerston North;258-9149 Vestibulum Avenue;condimentum@Donecnibh.ca
163;Dictum Sapien Aenean LLC;Austria;SJ;Tirrases;P.O. Box 342, 9613 Sit Avenue;lectus.pede.ultrices@tempusmauriserat.net
164;Feugiat Corp.;Spain;Madhya Pradesh;Rewa;328-5769 Molestie Avenue;tincidunt.adipiscing@luctusvulputatenisi.org
165;Sollicitudin Commodo Ipsum Foundation;Egypt;Bursa;Mustafakemalpaşa;Ap #570-1937 Ante St.;ante.ipsum.primis@enimSed.com
166;Enim Institute;Jamaica;KRS;Kursk;8751 Nulla. Rd.;aliquam@odio.edu
167;Tempor Augue Consulting;Lesotho;Arequipa;Arequipa;Ap #943-2308 Purus Road;sem.ut.dolor@ipsumprimis.net
168;Eros Inc.;Cook Islands;RM;Cerrillos;Ap #952-7380 Sodales Ave;luctus.felis.purus@vitae.co.uk
169;Ullamcorper Duis Cursus Institute;Mozambique;Zeeland;Flushing;174-2449 Eget Road;erat@Integer.ca
170;Lobortis Class Aptent PC;Tonga;KD;Zaria;396-9066 Placerat. Ave;risus.Nulla@mattisIntegereu.ca
171;Tempor Bibendum Limited;Antarctica;La Libertad;Chepén;P.O. Box 999, 1889 Tortor. Avenue;sit@euerosNam.com
172;Lobortis Ultrices Vivamus Industries;French Southern Territories;ANT;Rionegro;666-598 Nulla Ave;elementum.sem.vitae@faucibusMorbi.co.uk
173;Quisque Varius Institute;Rwanda;SI;Temuka;985-902 Tempor Road;nunc.sit.amet@enimCurabitur.edu
174;Lacus Limited;Saint Lucia;Stirlingshire;Falkirk;Ap #386-3331 Convallis Av.;fringilla.est@convallisestvitae.net
175;Vitae Aliquam Eros Company;Sudan;Punjab;Thatta;8357 Ac Avenue;placerat@nulla.co.uk
176;Ipsum Porta Limited;Cook Islands;Vienna;Vienna;1934 Ultricies Road;sapien.imperdiet.ornare@fringillaornareplacerat.org
177;Elit Nulla Facilisi LLP;Burundi;Junín;Tarma;201-5835 Sem. Av.;et@fringilla.edu
178;Eros Nec Associates;Gambia;VII;Ñiquén;Ap #378-5885 Rutrum Rd.;Nulla.dignissim@sit.com
179;Nunc Laoreet LLP;Hong Kong;West Bengal;Haldia;811-6245 Eleifend. Av.;auctor.nunc.nulla@nequeInornare.co.uk
180;Aliquam LLP;Cape Verde;Alberta;Lacombe;275-7964 Cursus Av.;nec.ante.blandit@non.org
181;Ac Feugiat PC;Cocos (Keeling) Islands;KP;Toruń;551-6186 Lobortis. Avenue;orci.luctus.et@mienimcondimentum.ca
182;Et Foundation;Costa Rica;North Island;Gisborne;P.O. Box 666, 3111 Eu Avenue;ut@velvulputate.co.uk
183;Risus Nunc Limited;Togo;Quebec;Cap-Saint-Ignace;9881 Arcu. Rd.;velit.Sed.malesuada@eget.org
184;Duis Gravida Associates;Chad;Araucanía;Padre las Casas;2428 Pede, Avenue;eu@Nam.ca
185;Sit Amet Ornare Incorporated;Tokelau;UP;Orai;570-2368 In, Av.;sociis.natoque@molestietellus.net
186;Felis Donec Tempor Limited;Luxembourg;Wie;Vienna;Ap #105-5521 Duis Ave;montes.nascetur.ridiculus@Ut.com
187;Fames Ac Corporation;Estonia;Sakhalin Oblast;Sakhalin;P.O. Box 214, 1112 Curabitur Ave;iaculis@PraesentluctusCurabitur.com
188;Egestas LLP;Antigua and Barbuda;North Island;Waitakere;888-180 Molestie Av.;a.scelerisque.sed@litora.org
189;Nec Company;Tajikistan;PR;Le Cannet;Ap #274-7592 In Av.;aliquet@lectuspedeultrices.org
190;Lacinia Associates;Iceland;RM;San Ramón;P.O. Box 818, 7316 Ligula Street;eu.ultrices.sit@vulputaterisus.co.uk
191;Sed Auctor Odio LLP;Andorra;Westmorland;Appleby;4831 Eu Rd.;vel.turpis.Aliquam@lobortisClassaptent.org
192;Nullam PC;Guadeloupe;SJ;Curridabat;2131 Dictum Rd.;aliquet.Phasellus@pede.org
193;Vulputate Incorporated;Burkina Faso;SP;Campinas;Ap #303-3181 Purus Road;ultricies.sem.magna@Ut.com
194;Risus Duis Corp.;American Samoa;BA;Vitória da Conquista;P.O. Box 181, 7637 In Road;a.neque.Nullam@Nuncsollicitudin.net
195;Id Blandit Consulting;Svalbard and Jan Mayen Islands;IRK;Irkutsk;853 Volutpat Av.;lorem.lorem.luctus@volutpat.edu
196;Natoque Incorporated;Palau;Małopolskie;Kraków;3977 Phasellus Av.;dapibus@eu.ca
197;Et Rutrum Eu Company;Bulgaria;IV;Combarbalá;Ap #641-3268 Amet Rd.;Suspendisse.tristique@hymenaeosMauris.com
198;Metus Company;Netherlands;Radnorshire;Presteigne;220-7382 Facilisis, Avenue;Phasellus@Proin.co.uk
199;Fringilla LLC;Guadeloupe;South Gyeongsang;Changwon;4083 Semper Rd.;fermentum@magna.org
200;Fringilla LLC;Guadeloupe;South Gyeongsang;Changwon;4083 Semper Rd.;fermentum@magna.org
201;Fringilla LLC;Guadeloupe;South Gyeongsang;Changwon;4083 Semper Rd.;fermentum@magna.org
